Pagine principali,Clic,Impressioni,CTR,Posizione
https://transpersonal-training.com/,84,2948,2.85%,39.83
https://transpersonal-training.com/jure-biechoniski/,26,813,3.2%,5.01
https://transpersonal-training.com/manal-al-hammadi/,25,578,4.33%,8.04
https://transpersonal-training.com/gabriel-fernandez-borsot/,13,210,6.19%,6.34
https://transpersonal-training.com/dr-ingo-benjamin-jahrsetz/,13,181,7.18%,5.54
https://transpersonal-training.com/stephan-schillinger/,12,528,2.27%,5.99
https://transpersonal-training.com/samvedam-randles/,12,153,7.84%,6.72
https://transpersonal-training.com/cristina-revenco/,11,200,5.5%,4.13
https://transpersonal-training.com/rainer-pervoltz/,11,122,9.02%,5.29
https://transpersonal-training.com/stefan-dressler/,10,469,2.13%,8.14
https://transpersonal-training.com/program/,9,1962,0.46%,13.26
https://transpersonal-training.com/kirsten-cameron/,9,413,2.18%,9.05
https://student.transpersonal-training.com/student-registration/,8,38,21.05%,9.29
https://transpersonal-training.com/rita-aguila/,7,224,3.12%,5.11
https://transpersonal-training.com/dario-giuffrida/,7,197,3.55%,6.04
https://transpersonal-training.com/cathys-bio/,7,171,4.09%,17.71
https://transpersonal-training.com/bernadette-blin/,7,120,5.83%,7.53
https://transpersonal-training.com/nicolas-cambas/,7,115,6.09%,4.4
https://transpersonal-training.com/maria-kuehl-weigmann/,7,31,22.58%,5.87
https://transpersonal-training.com/faculty/,6,865,0.69%,9.79
https://transpersonal-training.com/ingrida-indane/,6,276,2.17%,8.16
https://transpersonal-training.com/kati-wortelkamp/,6,180,3.33%,5.59
https://transpersonal-training.com/vladimir-maykov/,5,308,1.62%,7.17
https://transpersonal-training.com/mario-lorenzetti/,5,226,2.21%,3.79
https://transpersonal-training.com/lydia-maidan/,5,20,25%,8.05
https://transpersonal-training.com/lilian-gscheidel/,4,176,2.27%,6.1
https://test.transpersonal-training.com/about/,3,302,0.99%,38.23
https://transpersonal-training.com/login,3,68,4.41%,9.56
https://transpersonal-training.com/liudmila-serbina/,3,30,10%,6.3
https://transpersonal-training.com/tina-lindhard/,2,277,0.72%,7.07
https://test.transpersonal-training.com/,2,64,3.12%,23.27
https://transpersonal-training.com/dennis-johnson/,2,57,3.51%,8.61
https://transpersonal-training.com/erik-andersen/,2,48,4.17%,6.54
https://transpersonal-training.com/lyudmila-skartsesku/,2,29,6.9%,7.52
https://student.transpersonal-training.com/courses/m1-the-12-pillars-of-transpersonal-psychotherapy-bernadette-blin/,2,2,100%,1
https://transpersonal-training.com/pier-luigi-lattuada/,1,4850,0.02%,7.57
https://student.transpersonal-training.com/courses/?wg-choose-original=false,1,149,0.67%,24.85
https://transpersonal-training.com/information/,1,67,1.49%,7.52
https://transpersonal-training.com/schedule/,1,36,2.78%,12.53
https://transpersonal-training.com/payment/,1,16,6.25%,3.69
https://transpersonal-training.com/closed_meeteing_iurii_becioski-7-9-04-23/,1,6,16.67%,21
https://student.transpersonal-training.com/courses/m2-fundamentals-of-the-process-oriented-psychology-of-arnold-and-amy-mindell-liudmila-serbina/quizzes/test-describe-your-understanding-4-2-3-2-3-2-2-2-2-2-2-2/,1,4,25%,7.25
https://student.transpersonal-training.com/courses/crafting-effective-learning-paths-at-curriculum-corner/quizzes/chest-muscles-explained/,1,3,33.33%,3.33
https://transpersonal-training.com/events/copy-of-4-module-stage-i-lidia-maidan/?occurrence=2022-10-20,1,3,33.33%,9.67
https://transpersonal-training.com/events/west-5-module-stage-i-11-pier-luigi-lattuada/,1,2,50%,12
https://transpersonal-training.com/serge-beddington-behrens/,1,2,50%,12
https://student.transpersonal-training.com/courses/w8-holotropic-breathwork-and-work-with-psychedelics-dr-ingo-jahrsetz/,1,1,100%,6
https://transpersonal-training.com/events/pat-m5-manal-al-hammadi-3/,1,1,100%,9
https://student.transpersonal-training.com/profile/pier_luigi_lattuada/?view=instructor,0,829,0%,7.12
https://transpersonal-training.com/archive-2023/,0,156,0%,5.11
https://transpersonal-training.com/program-2024/,0,73,0%,23.6
https://transpersonal-training.com/apply/,0,22,0%,4.77
https://transpersonal-training.com/lev-belogorodskii/,0,20,0%,6.4
https://transpersonal-training.com/wp-content/uploads/2024/10/newsletter-9.pdf,0,20,0%,12.15
https://transpersonal-training.com/archive-2022/,0,19,0%,8.47
https://transpersonal-training.com/wp-content/uploads/2024/01/Engl._Infos_Seminars_in_Haus-am-Muhlenbach_2024-1.pdf,0,17,0%,24.59
https://transpersonal-training.com/wp-content/uploads/2025/10/West_Program_25.pdf,0,16,0%,4.75
https://transpersonal-training.com/agreement-appendix/,0,16,0%,12.81
https://test.transpersonal-training.com/courses/,0,16,0%,28.94
https://transpersonal-training.com/wp-content/uploads/2025/09/West_Program_26.pdf,0,10,0%,5.2
https://student.transpersonal-training.com/profile/blin_bernadette/?view=instructor,0,8,0%,5
https://test.transpersonal-training.com/apply/,0,8,0%,15.62
https://student.transpersonal-training.com/profile/samvedam_randles/?view=instructor,0,7,0%,6.86
https://student.transpersonal-training.com/courses/m6-about-counseling-awareness-and-self-compassion-pier-luigi-lattuada-2__trashed/lessons/video-73-2/,0,6,0%,3
https://transpersonal-training.com/events/pat-m3-antoni-aguilar-the-enneagram-in-personality-part1/,0,5,0%,3.2
https://student.transpersonal-training.com/profile/kati-wortelkamp/,0,5,0%,6.6
https://transpersonal-training.com/archive-2024/,0,5,0%,17.6
https://test.transpersonal-training.com/payment/,0,5,0%,21.6
https://student.transpersonal-training.com/courses/m2-introduction-to-counseling-and-counseling-skills-part-i/quizzes/test-describe-your-understanding-4-2-3-2-3-4-2/,0,5,0%,31
https://student.transpersonal-training.com/fueling-your-body-for-success-a-nutrition-guide/,0,5,0%,31.8
https://student.transpersonal-training.com/component/features/,0,5,0%,47.2
https://student.transpersonal-training.com/courses/m1-gestalt-work-technique-maria-kuehl-weigmann/quizzes/test-describe-your-understanding-4-2-3-2-3-2-2-2-2/,0,4,0%,6.5
https://student.transpersonal-training.com/dashboard/,0,4,0%,6.75
https://student.transpersonal-training.com/course-category/gabriel-fernandez/,0,4,0%,7.5
https://student.transpersonal-training.com/tag/classroom/,0,4,0%,28
https://test.transpersonal-training.com/course-list/,0,4,0%,28.75
https://transpersonal-training.com/events/pat-m3-manal-al-hammadi-lecture-2-the-science-of-psychedelics/,0,4,0%,38.75
https://transpersonal-training.com/events/m5-julia-javkin-escanuela-1/,0,3,0%,1
https://student.transpersonal-training.com/courses/grofs-extended-map-of-the-human-psyche-kati-wortelkamp/quizzes/test-5-2-2-3-2-2/,0,3,0%,2.67
https://student.transpersonal-training.com/product/existential-counselling-skills/,0,3,0%,4
https://student.transpersonal-training.com/course-category/maria-kuehl-weigmann/?tutor-course-filter-category=176,0,3,0%,4.33
https://student.transpersonal-training.com/courses/m13-hb5-holotropic-strategy-ii-lyudmila-skartsesku/,0,3,0%,5.67
https://student.transpersonal-training.com/product/art-therapy/,0,3,0%,35.33
https://student.transpersonal-training.com/component/other-sections/,0,3,0%,37.67
https://student.transpersonal-training.com/unleashing-potential-through-ambition/,0,3,0%,40.33
https://student.transpersonal-training.com/product/01-module-stage-i-kati-wortelkamp/,0,3,0%,46.33
https://student.transpersonal-training.com/do-you-play-well-with-other-children/,0,3,0%,48
https://transpersonal-training.com/events/8-module-stage-ii-stefan-dressler-3/,0,2,0%,4
https://transpersonal-training.com/wp-content/uploads/2025/10/West_Program_26.pdf,0,2,0%,5
https://student.transpersonal-training.com/courses/m4-aspects-of-trauma-part-ii-ways-of-healing/quizzes/test-describe-your-understanding-4-2-3-2-3-2-2-2-2-3-2/,0,2,0%,5.5
https://transpersonal-training.com/events/west-6-module-stage-ii-bernadette-blin/,0,2,0%,5.5
https://student.transpersonal-training.com/course-category/liudmila-serbina/?tutor-course-filter-category=139,0,2,0%,6
https://student.transpersonal-training.com/course-category/holo-module-1/?tutor-course-filter-category=169,0,2,0%,6.5
https://student.transpersonal-training.com/courses/m1-healing-the-ego-revealing-the-being-the-challenge-of-transpersonal-psychotherapy-bernadette-blin/quizzes/test-describe-your-understanding-4-2-3-2-3-2-2-2-2-2/,0,2,0%,6.5
https://student.transpersonal-training.com/product/5-key-feelings-in-dealing-with-patients-and-workshop-participants/,0,2,0%,6.5
https://test.transpersonal-training.com/courses/sample-course/lesson/maria-kuehl-weigmann-2-2/,0,2,0%,6.5
https://student.transpersonal-training.com/?page_id=13626,0,2,0%,7
https://transpersonal-training.com/events/5-module-stage-i-pier-luigi-lattuada/?occurrence=2023-02-16,0,2,0%,7.5
https://transpersonal-training.com/wp-content/plugins/pdf-poster/assets/pdfjs-new/web/viewer.html?file=https://transpersonal-training.com/wp-content/uploads/2026/06/West_Program_26.pdf&z=auto&nobaki=vera&stdono=false&open=false&onlypdf=false,0,2,0%,8
https://student.transpersonal-training.com/course-category/east-06-module/,0,2,0%,8.5
https://student.transpersonal-training.com/profile/vm/?view=instructor,0,2,0%,9
https://student.transpersonal-training.com/product/overview-copy-3/,0,2,0%,10
https://student.transpersonal-training.com/product/history-of-transpersonal-psychology/,0,2,0%,13
https://student.transpersonal-training.com/product/working-with-the-inner-child-in-counseling/,0,2,0%,13
https://student.transpersonal-training.com/profile/vm/,0,2,0%,14
https://student.transpersonal-training.com/profile/vm?view=instructor,0,2,0%,29.5
https://transpersonal-training.com/account/forgot_password/,0,2,0%,33
https://student.transpersonal-training.com/product/the-healing-potential-of-non-ordinary-states-of-consciousness-copy-6/,0,2,0%,35
https://student.transpersonal-training.com/component/testimonials/,0,2,0%,45
https://student.transpersonal-training.com/tag/software/,0,2,0%,51
https://student.transpersonal-training.com/category/web-development/,0,2,0%,53
https://student.transpersonal-training.com/tag/child-education/,0,2,0%,54
https://student.transpersonal-training.com/author/admin/page/2/,0,2,0%,58
https://transpersonal-training.com/events/m5-julia-javkin-escanuela-2/,0,2,0%,59
https://transpersonal-training.com/events/02-module-stage-i-liudmila-serbina-2/,0,2,0%,61
https://transpersonal-training.com/events/8-module-stage-ii-stefan-dressler-2/?occurrence=2023-11-02,0,2,0%,65
https://transpersonal-training.com/events/pat-1-module-stage-i-4-joe-tafur-and-xhochi-bucuru-206-136/,0,2,0%,66
https://transpersonal-training.com/events/east-m13-marija-sorokina-ethical-principles-1/?occurrence=2025-04-10,0,1,0%,1
https://transpersonal-training.com/program-2026/,0,1,0%,1
https://student.transpersonal-training.com/courses/m3-history-of-transpersonal-psychology/quizzes/test-5-2-2-3-2-2-3-2/,0,1,0%,2
https://student.transpersonal-training.com/elevate-your-strength-and-stamina-naturally/,0,1,0%,2
https://student.transpersonal-training.com/product/spiritual-bypassing-jure-biechonski/,0,1,0%,2
https://student.transpersonal-training.com/course-category/ingo-jahrsetz/,0,1,0%,3
https://student.transpersonal-training.com/course-category/pat-02-module/?tutor-course-filter-category=111,0,1,0%,3
https://student.transpersonal-training.com/course-category/stanislav-grof-teachers/?tutor-course-filter-category=173,0,1,0%,5
https://student.transpersonal-training.com/courses/m2-gestalt-work-technique-maria-kuehl-weigmann-2/quizzes/test-describe-your-understanding-4-2-3-2-3-2-2-2-2-3/,0,1,0%,5
https://student.transpersonal-training.com/how-to-handle-common-sales-challenges/,0,1,0%,5
https://student.transpersonal-training.com/profile/liudmila_serbina/?view=instructor,0,1,0%,5
https://student.transpersonal-training.com/purchase-guide/,0,1,0%,5
https://transpersonal-training.com/wp-content/uploads/2026/06/West_Program_26.pdf,0,1,0%,5
https://student.transpersonal-training.com/course-category/east-21/,0,1,0%,6
https://student.transpersonal-training.com/courses/m3-hypnotherapy-jure-biechonski/quizzes/test-5-2-2-3-2-3-2/,0,1,0%,6
https://student.transpersonal-training.com/courses/m5-transpersonal-counselling-skills/quizzes/test-5-2-2-3-2-3-2-2-2-3-2/,0,1,0%,6
https://student.transpersonal-training.com/teachers/,0,1,0%,6
https://transpersonal-training.com/charlotte-kihl/,0,1,0%,6
https://student.transpersonal-training.com/courses/about-the-shadow-kati-wortelkamp/,0,1,0%,7
https://student.transpersonal-training.com/courses/w9-music-in-holotropic-breathwork-kati-wortelkamp/,0,1,0%,7
https://student.transpersonal-training.com/profile/cristina_revenco/?view=instructor,0,1,0%,7
https://test.transpersonal-training.com/регистрация-студента/,0,1,0%,7
https://student.transpersonal-training.com/course-category/nicolas-cambas/,0,1,0%,8
https://student.transpersonal-training.com/courses/e10-the-psychology-of-shamanism-ii-dario-giuffrida/,0,1,0%,8
https://transpersonal-training.com/events/2024-2-module-stage-i-kati-wortelkamp-mario-lorenzetti/,0,1,0%,8
https://transpersonal-training.com/events/9-module-stage-ii-liudmila-serbina-4/,0,1,0%,8
https://transpersonal-training.com/events/west-8-module-stage-ii-lyudmila-skartsesku/,0,1,0%,8
https://transpersonal-training.com/events/west-8-module-stage-iii-supervision-ii-lyudmila-skartsesku/,0,1,0%,8
https://student.transpersonal-training.com/courses/w10-individual-constellations-in-the-group-2-erik-anderson/,0,1,0%,9
https://transpersonal-training.com/events/7-module-stage-ii-liudmila-serbina/,0,1,0%,9
https://transpersonal-training.com/events/pat-5-erik-anderson_cathy-geils-3/,0,1,0%,9
https://transpersonal-training.com/events/pat-m2-lilian-gscheidel-lecture-5/,0,1,0%,9
https://student.transpersonal-training.com/course-category/east-03-module/,0,1,0%,10
https://student.transpersonal-training.com/product/psychosomatics-process-methods-in-body-work/,0,1,0%,10
https://transpersonal-training.com/archive-2021/,0,1,0%,10
https://student.transpersonal-training.com/courses/w8-psychedelics-in-recreation-and-therapeutic-settings-rita-aguila/,0,1,0%,11
https://student.transpersonal-training.com/product/death-and-rebirth-in-stan-grofs-work-what-is-the-death-of-the-ego-ingo-jahrsetz/,0,1,0%,11
https://student.transpersonal-training.com/product/grofs-extended-map-of-the-human-psyche-kati-wortelkamp/,0,1,0%,12
https://transpersonal-training.com/events/west-6-module-stage-ii-1-erik-anderson-and-cathy-geils/,0,1,0%,14
https://transpersonal-training.com/events/west-6-module-stage-ii-erik-anderson-and-cathy-geils-3/,0,1,0%,23
https://student.transpersonal-training.com/profile/gabriel_fernandez_borsot/,0,1,0%,24
https://transpersonal-training.com/events/pat-m4-gabriel-fernandez-borsot-3/,0,1,0%,29
https://transpersonal-training.com/events/pat-m4-gabriel-fernandez-borsot-5/,0,1,0%,29
https://student.transpersonal-training.com/courses/m3-how-to-use-meditation-in-therapy/quizzes/test-5-2-2-3-3-4/,0,1,0%,37
https://student.transpersonal-training.com/product/hypnotherapy/,0,1,0%,37
https://student.transpersonal-training.com/product/the-healing-potential-of-non-ordinary-states-of-consciousness-copy-5/,0,1,0%,37
https://student.transpersonal-training.com/product/the-healing-potential-of-non-ordinary-states-of-consciousness/,0,1,0%,39