Query più frequenti,Clic,Impressioni,CTR,Posizione
jure biechonski,17,612,2.78%,4.82
stephan schillinger,9,204,4.41%,5.16
transpersonal training,8,57,14.04%,6.02
manal al hammadi,6,117,5.13%,9.38
cristina revenco,6,100,6%,2.92
bernadette blin,4,46,8.7%,8.17
mario lorenzetti,3,138,2.17%,3.17
dario giuffrida,3,63,4.76%,2.63
kirsten cameron,3,50,6%,14
rainer pervöltz,3,12,25%,6.67
rita aguila,2,96,2.08%,3.04
stefan dressler,2,64,3.12%,7.06
ingo jahrsetz,2,34,5.88%,3.76
transpersonal therapy training,2,31,6.45%,18.29
gabriel fernandez borsot,2,30,6.67%,6.63
transpersonal international login,1,21,4.76%,10.9
manal hammadi,1,10,10%,12.6
maidan psikolog,1,2,50%,4
serge beddington behrens,1,1,100%,14
transpersonal coaching south west,0,405,0%,33.16
transpersonal coaching,0,285,0%,82.14
"""biotransenergetics"" documentary 2023",0,158,0%,7.39
transpersonal psychology institute,0,155,0%,58
transpersonal coaching for women south west,0,137,0%,47.42
"""biotransenergetics"" documentary or film 2023",0,135,0%,7.37
manal alhammadi,0,130,0%,9.18
pier luigi lattuada faculty us university,0,124,0%,6.53
transpersonal psychology certificate,0,123,0%,67.38
transpersonal coaching for women,0,122,0%,57.37
transpersonal psychology training uk,0,113,0%,50.81
pier luigi lattuada faculty university,0,111,0%,8.33
transpersonal psychology course,0,103,0%,69.97
transpersonal psychology coaching,0,94,0%,87.32
pier luigi lattuada faculty university us,0,92,0%,8
biotransenergetics documentary 2023,0,90,0%,8.19
transpersonal coach,0,85,0%,83.53
transpersonal,0,84,0%,53
pier luigi lattuada medical doctor,0,69,0%,8.33
pier luigi lattuada sofia university,0,65,0%,6.45
pier luigi lattuada university faculty,0,63,0%,7.46
pier luigi lattuada sofia university faculty,0,57,0%,5.25
"""pier luigi lattuada"" ""sofia university""",0,55,0%,6.07
pier luigi lattuada medical doctor psychotherapist,0,54,0%,8.46
lilian gscheidel,0,47,0%,5.57
pier luigi lattuada faculty university or professor,0,45,0%,6.24
biotransenergetics founder,0,45,0%,8.02
pier luigi lattuada meridian university,0,45,0%,9.51
"""pier luigi lattuada"" faculty university",0,42,0%,8.26
rita aguiles,0,39,0%,8.79
"""pier luigi lattuada"" documentary 2023",0,39,0%,9.26
transpersonal psychotherapy training,0,37,0%,32.27
"2023 documentary ""biotransenergetics"" or ""pier luigi lattuada""",0,28,0%,7.36
pier luigi lattuada faculty or professor university,0,27,0%,7.93
"""pier luigi lattuada"" faculty or professor university",0,27,0%,8.48
"""biotransenergetics"" or ""biotransenergetica"" documentary 2023",0,26,0%,6.38
pier luigi lattuada us university faculty,0,24,0%,6.75
what is transpersonal coaching,0,24,0%,87.62
"""pier luigi lattuada"" ""sofia university"" faculty",0,23,0%,5.3
"""biotransenergetics"" 2023 documentary",0,21,0%,7.14
borsot,0,20,0%,2.6
pier luigi lattuada psychotherapist documentary 2023,0,19,0%,9.26
"""pier luigi lattuada"" ""medical doctor""",0,18,0%,5.67
"""pier luigi lattuada"" faculty or university or professor",0,18,0%,8.39
pier luigi lattuada university faculty or professor,0,17,0%,7.88
pier luigi lattuada biotransenergetics documentary 2023,0,17,0%,8
dressler stefan,0,17,0%,32.76
"2023 documentary biotransenergetics or ""pier luigi lattuada""",0,16,0%,9.06
"pier luigi lattuada faculty university or professor or ""transformative 
learning""",0,15,0%,7.2
pier luigi lattuada university faculty us,0,15,0%,8.07
transpersonal psychology degree europe,0,15,0%,49.4
pier luigi lattuada medical doctor md,0,14,0%,7.57
stephane schillinger,0,14,0%,8.43
pier luigi lattuada,0,14,0%,30.86
"""pier luigi lattuada"" or ""biotransenergetics"" documentary 2023",0,13,0%,5.69
pier luigi lattuada medical doctor or psychiatrist or psychotherapist,0,12,0%,7.58
transpersonal international,0,12,0%,18.25
transpersonal psychology training,0,12,0%,36.75
stefan schillinger,0,11,0%,3.91
ingrīda indāne,0,11,0%,8.18
pierluigi lattuada,0,11,0%,35.27
sofia university faculty pier luigi lattuada,0,10,0%,5.5
european psychotherapist founder biotransenergetics,0,10,0%,5.6
pier luigi lattuada biotransenergetics founder,0,10,0%,6.8
"""biotransenergetics"" founder",0,10,0%,8
pier luigi lattuada european psychotherapist,0,9,0%,7.11
pier luigi lattuada md psychotherapist,0,9,0%,8.56
academia transpersonal international,0,8,0%,4.75
"""pier luigi lattuada"" ""sofia university"" faculty or professor",0,8,0%,6
pier luigi lattuada psychotherapist medical doctor,0,8,0%,7
pier luigi lattuada founder biotransenergetics,0,8,0%,7.75
stephen schillinger,0,8,0%,8.88
pier luigi lattuada documentary 2023,0,8,0%,9.38
"""pier luigi lattuada"" ""medical doctor"" or md or physician or psychiatrist",0,8,0%,9.62
pier luigi lattuada medical doctor or md or physician,0,8,0%,10.12
transpersonal institute,0,8,0%,20
transpersonal psychology courses,0,8,0%,66.88
"""biotransenergetics"" documentary or ""2023""",0,7,0%,2.29
stephan dressler,0,7,0%,5.86
"""pier luigi lattuada"" faculty or professor or ""faculty member"" university",0,7,0%,7
pier luigi lattuada medical doctor or md or psychiatrist,0,7,0%,7.29
"""pier luigi lattuada"" documentary or film 2023",0,7,0%,8.86
kristen cameron,0,7,0%,26.71
владимир майков,0,7,0%,28.57
rita aguilas,0,6,0%,2.33
pier luigi lattuada faculty sofia university,0,6,0%,4.83
pier luigi lattuada biotransenergetics faculty university,0,6,0%,7
samvedam,0,6,0%,7.17
2023 documentary transpersonal psychology founder,0,6,0%,8.17
pier luigi lattuada medical doctor or md,0,6,0%,10.17
transpersonal psychology courses uk,0,6,0%,59
malo hammadi,0,5,0%,6.2
schillinger stephan,0,5,0%,6.6
pier luigi lattuada biotransenergetics or founder,0,5,0%,7.4
"""pier luigi lattuada"" faculty university us",0,5,0%,8.2
pier luigi lattuada faculty university transformative learning,0,5,0%,8.8
2023 documentary biotransenergetics,0,5,0%,9
"""pier luigi lattuada"" ""medical doctor"" or md or physician",0,5,0%,10.2
"""pier luigi lattuada"" faculty",0,4,0%,4
"""pier luigi lattuada"" faculty or professor",0,4,0%,5.75
"""pier luigi lattuada"" faculty or professor us university",0,4,0%,6.75
"""pier luigi lattuada"" medical doctor or md",0,4,0%,8.5
"""pier luigi lattuada"" faculty or professor or university",0,4,0%,9.5
"""pier luigi lattuada"" md or ""medical doctor""",0,4,0%,9.5
manalalhammadi,0,4,0%,11.75
transpersonal.at,0,4,0%,28.25
transpersonal coaching for integration,0,4,0%,30
transpersonal psychotherapy course,0,4,0%,64.5
stephan shillinger,0,3,0%,4
"""pier luigi lattuada"" or ""pierluigi lattuada"" documentary 2023",0,3,0%,5
"""pier luigi lattuada"" university faculty",0,3,0%,6
"""pier luigi lattuada"" faculty us university",0,3,0%,6.67
"""pier luigi lattuada"" university or faculty or professor",0,3,0%,8.33
pier luigi lattuada 2023 documentary,0,3,0%,9.33
"pier luigi lattuada faculty university us or ""transformative learning""",0,3,0%,9.33
pier luigi lattuada documentary or film 2023,0,3,0%,9.67
manaal al hammadi,0,3,0%,13
transpersonal coaching courses uk,0,3,0%,24.33
transpersonal therapy certification,0,3,0%,44.67
tine lindhard,0,3,0%,59.33
stefan dreßler,0,2,0%,3
stefan dressler freiburg,0,2,0%,6
"""pier luigi lattuada"" 2023 documentary or film",0,2,0%,7
"pier luigi lattuada faculty or professor university us or america or 
california",0,2,0%,7.5
stephan schillinger biographie,0,2,0%,9.5
pier luigi lattuada medical doctor or psychiatrist or md,0,2,0%,10
pier luigi lattuada meridian university faculty,0,2,0%,10
steffen dressler,0,2,0%,11
tomas cambas,0,2,0%,15.5
stephan schillinger wikipédia,0,2,0%,18.5
institute for transpersonal psychology,0,2,0%,22.5
transpersonal coaching certification,0,2,0%,34.5
institute of transpersonal psychology,0,2,0%,63.5
transpersonal psychology certificate online,0,2,0%,63.5
transpersonal psychology schools,0,2,0%,98.5
giuffrida dario,0,1,0%,1
pier luigi lattuada faculty us university transformative learning,0,1,0%,4
dario giuffrida catania,0,1,0%,6
"""pier luigi lattuada"" ""2023"" documentary or film",0,1,0%,8
"""pier luigi lattuada"" ""medical doctor"" or md or psychiatrist",0,1,0%,8
"""pier luigi lattuada"" or ""pierluigi lattuada"" documentary or film 2023",0,1,0%,8
sd dressler,0,1,0%,8
"""transpersonal higher self"" workshop",0,1,0%,9
"pier luigi lattuada documentary or film or ""2023""",0,1,0%,9
pier luigi lattuada medical doctor or physician or md,0,1,0%,9
"""pier luigi lattuada"" ""medical doctor"" or md or psychiatrist or 
psychotherapist",0,1,0%,10
"""pier luigi lattuada"" ""medical doctor"" or psychiatrist or psychotherapist",0,1,0%,10
"""pier luigi lattuada"" 2023 documentary",0,1,0%,10
"""pier luigi lattuada"" documentary or film or ""2023""",0,1,0%,10
biotransenergetics 2023 documentary,0,1,0%,10
dennis johnson wien,0,1,0%,10
"pier luigi lattuada ""medical doctor"" or md or physician or psychiatrist",0,1,0%,10
pier luigi lattuada meridian university or faculty,0,1,0%,10
pier luigi lattuada psychospiritual,0,1,0%,10
rita aguila psicologa,0,1,0%,10
dario giuffrida oncologo,0,1,0%,11
marie weigmann,0,1,0%,11
pat training,0,1,0%,18
stefan dresler,0,1,0%,18
transpersonal psychologist,0,1,0%,20
center for transpersonal therapy,0,1,0%,28
terapeuta transpersonal,0,1,0%,32
transpersonal psychotherapy training uk,0,1,0%,36
transpersonal arts counselling training,0,1,0%,37
ingo stelzer,0,1,0%,41
british transpersonal association,0,1,0%,47
transpersonal psychology conference,0,1,0%,48
tine lindhard psykiater,0,1,0%,49
stefanie dressler,0,1,0%,50
transpersonal art program,0,1,0%,60
transpersonal counseling psychology,0,1,0%,61
transpersonal therapist,0,1,0%,75
майков владимир,0,1,0%,76
transpersonal therapists,0,1,0%,81
transpersonal therapy,0,1,0%,89
transpersonal psychotherapy,0,1,0%,96