Pagina target,Link in entrata,Siti con link
https://transpersonal-training.com/,12,6
https://transpersonal-training.com/lyudmila-skartsesku/,3,2
https://transpersonal-training.com/dennis-johnson/,2,1
https://transpersonal-training.com/schedule/,2,1
https://transpersonal-training.com/stefan-dressler/,2,1
https://transpersonal-training.com/stephan-schillinger/,2,2
https://transpersonal-training.com/dario-giuffrida/,1,1
https://transpersonal-training.com/dr-ingo-benjamin-jahrsetz/,1,1
https://transpersonal-training.com/kati-wortelkamp/,1,1
https://transpersonal-training.com/pier-luigi-lattuada/,1,1
https://transpersonal-training.com/tina-lindhard/,1,1