Data,Pagine interessate
2026-04-24,66
2026-04-25,64
2026-04-26,64
2026-04-27,64
2026-04-28,62
2026-04-29,62
2026-04-30,62
2026-05-01,62
2026-05-02,63
2026-05-03,63
2026-05-04,63
2026-05-05,63
2026-05-06,63
2026-05-07,63
2026-05-08,63
2026-05-09,61
2026-05-10,61
2026-05-11,61
2026-05-12,37
2026-05-13,37
2026-05-14,37
2026-05-15,37
2026-05-16,35
2026-05-17,35
2026-05-18,35
2026-05-19,35
2026-05-20,35
2026-05-21,35
2026-05-22,35
2026-05-23,35
2026-05-24,35
2026-05-25,35
2026-05-26,37
2026-05-27,37
2026-05-28,37
2026-05-29,37
2026-05-30,36
2026-05-31,36
2026-06-01,36
2026-06-02,36
2026-06-03,36
2026-06-04,36
2026-06-05,36
2026-06-06,36
2026-06-07,36
2026-06-08,36
2026-06-09,38
2026-06-10,38
2026-06-11,38
2026-06-12,38
2026-06-13,38
2026-06-14,38
2026-06-15,38
2026-06-16,38
2026-06-17,38
2026-06-18,38
2026-06-19,38
2026-06-20,38
2026-06-21,38
2026-06-22,38
2026-06-23,38
2026-06-24,38
2026-06-25,38
2026-06-26,38
2026-06-27,38
2026-06-28,38
2026-06-29,38
2026-06-30,38
2026-07-01,39
2026-07-02,39
2026-07-03,39
2026-07-04,39
2026-07-05,39
2026-07-06,39
2026-07-07,39
2026-07-08,39
2026-07-09,39
2026-07-10,39