URL,Ultima scansione
https://student.transpersonal-training.com/unleashing-potential-through-ambition/,2026-07-10
https://student.transpersonal-training.com/fueling-your-body-for-success-a-nutrition-guide/,2026-07-08
https://student.transpersonal-training.com/how-to-handle-common-sales-challenges/,2026-07-05
https://student.transpersonal-training.com/do-you-play-well-with-other-children/,2026-07-03
https://student.transpersonal-training.com/starting-seo-as-your-home-based-business-policy/,2026-06-29
https://student.transpersonal-training.com/balancing-profitability-and-integrity-in-sales/,2026-06-29
https://student.transpersonal-training.com/arabic-assalamu-alayka-naat-ya-rasoolallah/,2026-06-29
https://student.transpersonal-training.com/wp-content/*,2026-06-28
https://test.transpersonal-training.com/панель-управления/enrolled-courses/,2026-06-14
https://student.transpersonal-training.com/discover-the-power-of-nutrient-rich-foods/,2026-06-13
https://student.transpersonal-training.com/wp-content/uploads/*,2026-06-12
https://test.transpersonal-training.com/courses/1-heros-and-heroines-kati-wortelkamp/lesson/files-7/feed/,2026-05-27
https://student.transpersonal-training.com/author/admin/page/3/,2026-05-24
https://student.transpersonal-training.com/a-culinary-adventure-for-your-taste-buds/,2026-05-22
https://student.transpersonal-training.com/unlock-your-potential-with-powerful-fitness-tips/,2026-05-10
https://test.transpersonal-training.com/courses/yogic-timeline/quizzes/yogic-timeline/,2026-05-01
https://student.transpersonal-training.com/essential-kitchen-skills-for-aspiring-chefs/,2026-04-21
https://student.transpersonal-training.com/fasting-in-ramadan-excellence-and-how-tos/,2026-04-16
https://student.transpersonal-training.com/maximizing-your-sales-potential-tips/,2026-04-15
https://student.transpersonal-training.com/nourish-your-body-nourish-your-life/,2026-04-15
https://student.transpersonal-training.com/category/learning/page/2/,2026-04-14
https://student.transpersonal-training.com/boost-your-well-being-through-smart-food-choices-2/,2026-04-08
https://student.transpersonal-training.com/fostering-student-growth-through-mindful-mentoring/,2026-04-08
https://student.transpersonal-training.com/crafting-effective-learning-paths-at-curriculum-corner-2/,2026-04-08
https://student.transpersonal-training.com/shaping-future-generations-with-pedagogy-perspectives/,2026-04-08
https://student.transpersonal-training.com/page/4/?page_id=13626,2026-04-08
https://student.transpersonal-training.com/courses/m6-ethics-in-the-work-with-holotropic-states-of-consciousness-kati-wortelkamp/,2026-04-08
https://student.transpersonal-training.com/a-motivational-manifesto-to-embrace-the-challenge-2/,2026-04-06
https://student.transpersonal-training.com/course-category/west-module-2023/?tutor-course-filter-category=72/feed/,2026-03-31
https://student.transpersonal-training.com/category/nutrition/page/2/,2026-03-25
https://transpersonal-training.com/wp-content/uploads/2025/09/West_Program_26.pdf,2026-03-24
https://student.transpersonal-training.com/delightful-dishes-cooked-from-scratch/,2026-03-16
https://student.transpersonal-training.com/crafting-effective-learning-paths-at-curriculum-corner/,2026-03-15
https://student.transpersonal-training.com/author/admin/page/4/,2026-03-08
https://student.transpersonal-training.com/your-passport-to-home-cooking-mastery/,2026-02-28
https://transpersonal-training.com/program-2024/,2026-02-27
https://test.transpersonal-training.com/wp-content/themes/edublink-child/*,2026-02-27
https://transpersonal-training.com/wp-content/uploads/2025/10/West_Program_26.pdf,2026-02-22
https://transpersonal-training.com/?page_id=3,2026-01-16